0.jpg,2
1.jpg,0
2.jpg,0
3.jpg,8
4.jpg,0
5.jpg,1
6.jpg,100000000
7.jpg,10000
8.jpg,0
9.jpg,10
10.jpg,3
11.jpg,2
12.jpg,0
13.jpg,2
14.jpg,100000000
15.jpg,0
16.jpg,2
17.jpg,0
18.jpg,1000
19.jpg,0
20.jpg,0
21.jpg,3
22.jpg,0
23.jpg,100
24.jpg,6
25.jpg,1
26.jpg,0
27.jpg,2
28.jpg,7
29.jpg,2
30.jpg,2
31.jpg,100000000
32.jpg,1000
33.jpg,0
34.jpg,7
35.jpg,2
36.jpg,9
37.jpg,5
38.jpg,0
39.jpg,0
40.jpg,0
41.jpg,9
42.jpg,0
43.jpg,0
44.jpg,1
45.jpg,3
46.jpg,0
47.jpg,1000
48.jpg,100
49.jpg,0
50.jpg,6
51.jpg,5
52.jpg,10000
53.jpg,0
54.jpg,0
55.jpg,0
56.jpg,7
57.jpg,6
58.jpg,1
59.jpg,0
60.jpg,7
61.jpg,1
62.jpg,5
63.jpg,0
64.jpg,7
65.jpg,0
66.jpg,1
67.jpg,7
68.jpg,0
69.jpg,2
70.jpg,4
71.jpg,0
72.jpg,2
73.jpg,0
74.jpg,3
75.jpg,10
76.jpg,8
77.jpg,3
78.jpg,0
79.jpg,10000
80.jpg,10
81.jpg,7
82.jpg,100
83.jpg,0
84.jpg,0
85.jpg,7
86.jpg,0
87.jpg,100000000
88.jpg,100000000
89.jpg,10000
90.jpg,1
91.jpg,0
92.jpg,0
93.jpg,10
94.jpg,100000000
95.jpg,6
96.jpg,2
97.jpg,6
98.jpg,2
99.jpg,1
100.jpg,0
101.jpg,1000
102.jpg,100000000
103.jpg,0
104.jpg,7
105.jpg,0
106.jpg,6
107.jpg,0
108.jpg,3
109.jpg,0
110.jpg,0
111.jpg,9
112.jpg,0
113.jpg,1
114.jpg,6
115.jpg,1000
116.jpg,10
117.jpg,100
118.jpg,0
119.jpg,0
120.jpg,8
121.jpg,0
122.jpg,9
123.jpg,100000000
124.jpg,1
125.jpg,0
126.jpg,10000
127.jpg,10000
128.jpg,5
129.jpg,2
130.jpg,0
131.jpg,0
132.jpg,1
133.jpg,0
134.jpg,0
135.jpg,0
136.jpg,1
137.jpg,2
138.jpg,0
139.jpg,8
140.jpg,8
141.jpg,10
142.jpg,0
143.jpg,9
144.jpg,0
145.jpg,0
146.jpg,100
147.jpg,0
148.jpg,2
149.jpg,100000000
150.jpg,6
151.jpg,0
152.jpg,0
153.jpg,0
154.jpg,0
155.jpg,0
156.jpg,5
157.jpg,3
158.jpg,1
159.jpg,7
160.jpg,0
161.jpg,0
162.jpg,0
163.jpg,1
164.jpg,100
165.jpg,7
166.jpg,1
167.jpg,100
168.jpg,0
169.jpg,0
170.jpg,0
171.jpg,0
172.jpg,10000
173.jpg,4
174.jpg,3
175.jpg,100
176.jpg,7
177.jpg,6
178.jpg,0
179.jpg,1
180.jpg,0
181.jpg,0
182.jpg,9
183.jpg,0
184.jpg,8
185.jpg,2
186.jpg,9
187.jpg,0
188.jpg,0
189.jpg,3
190.jpg,4
191.jpg,2
192.jpg,4
193.jpg,0
194.jpg,8
195.jpg,1
196.jpg,4
197.jpg,10
198.jpg,100
199.jpg,10000
200.jpg,1
201.jpg,0
202.jpg,6
203.jpg,10000
204.jpg,100000000
205.jpg,0
206.jpg,0
207.jpg,0
208.jpg,0
209.jpg,7
210.jpg,4
211.jpg,9
212.jpg,0
213.jpg,1
214.jpg,1
215.jpg,0
216.jpg,5
217.jpg,4
218.jpg,8
219.jpg,100000000
220.jpg,0
221.jpg,0
222.jpg,8
223.jpg,0
224.jpg,100000000
225.jpg,6
226.jpg,6
227.jpg,0
228.jpg,6
229.jpg,2
230.jpg,0
231.jpg,0
232.jpg,0
233.jpg,0
234.jpg,9
235.jpg,0
236.jpg,0
237.jpg,1
238.jpg,10000
239.jpg,0
240.jpg,0
241.jpg,3
242.jpg,10
243.jpg,0
244.jpg,0
245.jpg,7
246.jpg,8
247.jpg,4
248.jpg,3
249.jpg,0
250.jpg,0
251.jpg,2
252.jpg,100
253.jpg,0
254.jpg,2
255.jpg,10000
256.jpg,9
257.jpg,10000
258.jpg,1000
259.jpg,0
260.jpg,3
261.jpg,5
262.jpg,9
263.jpg,0
264.jpg,9
265.jpg,2
266.jpg,0
267.jpg,0
268.jpg,7
269.jpg,2
270.jpg,5
271.jpg,9
272.jpg,0
273.jpg,0
274.jpg,6
275.jpg,2
276.jpg,1
277.jpg,8
278.jpg,0
279.jpg,1
280.jpg,5
281.jpg,0
282.jpg,0
283.jpg,0
284.jpg,0
285.jpg,7
286.jpg,10
287.jpg,10
288.jpg,10000
289.jpg,100
290.jpg,0
291.jpg,3
292.jpg,100
293.jpg,0
294.jpg,4
295.jpg,2
296.jpg,2
297.jpg,2
298.jpg,7
299.jpg,0
300.jpg,8
301.jpg,0
302.jpg,0
303.jpg,10000
304.jpg,7
305.jpg,2
306.jpg,2
307.jpg,10000
308.jpg,0
309.jpg,0
310.jpg,10000
311.jpg,100
312.jpg,0
313.jpg,6
314.jpg,0
315.jpg,5
316.jpg,0
317.jpg,0
318.jpg,7
319.jpg,10
320.jpg,0
321.jpg,0
322.jpg,0
323.jpg,6
324.jpg,0
325.jpg,0
326.jpg,9
327.jpg,1000
328.jpg,8
329.jpg,10
330.jpg,4
331.jpg,10
332.jpg,3
333.jpg,8
334.jpg,0
335.jpg,100
336.jpg,0
337.jpg,100000000
338.jpg,7
339.jpg,6
340.jpg,3
341.jpg,1000
342.jpg,1
343.jpg,100
344.jpg,0
345.jpg,5
346.jpg,0
347.jpg,0
348.jpg,0
349.jpg,8
350.jpg,10
351.jpg,10
352.jpg,0
353.jpg,0
354.jpg,5
355.jpg,100000000
356.jpg,0
357.jpg,0
358.jpg,8
359.jpg,0
360.jpg,0
361.jpg,0
362.jpg,0
363.jpg,3
364.jpg,0
365.jpg,10
366.jpg,10
367.jpg,6
368.jpg,1
369.jpg,10000
370.jpg,4
371.jpg,7
372.jpg,0
373.jpg,0
374.jpg,6
375.jpg,0
376.jpg,100
377.jpg,7
378.jpg,6
379.jpg,3
380.jpg,100000000
381.jpg,0
382.jpg,7
383.jpg,1000
384.jpg,7
385.jpg,1
386.jpg,0
387.jpg,0
388.jpg,0
389.jpg,0
390.jpg,4
391.jpg,0
392.jpg,0
393.jpg,10
394.jpg,1
395.jpg,0
396.jpg,100000000
397.jpg,3
398.jpg,8
399.jpg,0
400.jpg,0
401.jpg,100000000
402.jpg,1000
403.jpg,6
404.jpg,0
405.jpg,2
406.jpg,0
407.jpg,100
408.jpg,0
409.jpg,0
410.jpg,7
411.jpg,0
412.jpg,100
413.jpg,0
414.jpg,2
415.jpg,5
416.jpg,0
417.jpg,0
418.jpg,2
419.jpg,10
420.jpg,10000
421.jpg,100000000
422.jpg,1
423.jpg,6
424.jpg,1
425.jpg,1
426.jpg,1
427.jpg,3
428.jpg,1
429.jpg,8
430.jpg,6
431.jpg,0
432.jpg,0
433.jpg,7
434.jpg,0
435.jpg,0
436.jpg,1
437.jpg,3
438.jpg,10000
439.jpg,0
440.jpg,3
441.jpg,0
442.jpg,0
443.jpg,1000
444.jpg,0
445.jpg,0
446.jpg,5
447.jpg,1
448.jpg,10000
449.jpg,0
450.jpg,7
451.jpg,2
452.jpg,5
453.jpg,0
454.jpg,0
455.jpg,0
456.jpg,4
457.jpg,0
458.jpg,0
459.jpg,3
460.jpg,5
461.jpg,5
462.jpg,0
463.jpg,0
464.jpg,0
465.jpg,0
466.jpg,0
467.jpg,3
468.jpg,1
469.jpg,3
470.jpg,0
471.jpg,10000
472.jpg,7
473.jpg,8
474.jpg,0
475.jpg,3
476.jpg,5
477.jpg,8
478.jpg,0
479.jpg,9
480.jpg,6
481.jpg,6
482.jpg,8
483.jpg,8
484.jpg,0
485.jpg,0
486.jpg,0
487.jpg,0
488.jpg,0
489.jpg,0
490.jpg,1
491.jpg,0
492.jpg,0
493.jpg,2
494.jpg,1000
495.jpg,100000000
496.jpg,5
497.jpg,6
498.jpg,0
499.jpg,2
500.jpg,10000
501.jpg,4
502.jpg,9
503.jpg,7
504.jpg,2
505.jpg,5
506.jpg,0
507.jpg,5
508.jpg,0
509.jpg,8
510.jpg,1000
511.jpg,0
512.jpg,7
513.jpg,1000
514.jpg,0
515.jpg,6
516.jpg,0
517.jpg,0
518.jpg,0
519.jpg,10000
520.jpg,0
521.jpg,3
522.jpg,7
523.jpg,0
524.jpg,3
525.jpg,0
526.jpg,0
527.jpg,6
528.jpg,100000000
529.jpg,1
530.jpg,0
531.jpg,0
532.jpg,8
533.jpg,0
534.jpg,8
535.jpg,0
536.jpg,1
537.jpg,100000000
538.jpg,0
539.jpg,10000
540.jpg,3
541.jpg,0
542.jpg,0
543.jpg,0
544.jpg,2
545.jpg,0
546.jpg,0
547.jpg,100
548.jpg,1000
549.jpg,10
550.jpg,4
551.jpg,7
552.jpg,0
553.jpg,2
554.jpg,7
555.jpg,0
556.jpg,4
557.jpg,3
558.jpg,2
559.jpg,0
560.jpg,10000
561.jpg,9
562.jpg,10000
563.jpg,100
564.jpg,6
565.jpg,9
566.jpg,2
567.jpg,100
568.jpg,0
569.jpg,1
570.jpg,100000000
571.jpg,8
572.jpg,9
573.jpg,5
574.jpg,6
575.jpg,7
576.jpg,6
577.jpg,2
578.jpg,7
579.jpg,0
580.jpg,0
581.jpg,9
582.jpg,0
583.jpg,10000
584.jpg,8
585.jpg,1000
586.jpg,4
587.jpg,3
588.jpg,8
589.jpg,0
590.jpg,100000000
591.jpg,10
592.jpg,0
593.jpg,1000
594.jpg,10000
595.jpg,6
596.jpg,2
597.jpg,1
598.jpg,1000
599.jpg,4
600.jpg,1
601.jpg,9
602.jpg,1000
603.jpg,1
604.jpg,0
605.jpg,6
606.jpg,0
607.jpg,6
608.jpg,0
609.jpg,2
610.jpg,0
611.jpg,5
612.jpg,7
613.jpg,6
614.jpg,0
615.jpg,7
616.jpg,4
617.jpg,2
618.jpg,8
619.jpg,1
620.jpg,2
621.jpg,0
622.jpg,1
623.jpg,10000
624.jpg,6
625.jpg,0
626.jpg,10000
627.jpg,0
628.jpg,0
629.jpg,0
630.jpg,6
631.jpg,5
632.jpg,100000000
633.jpg,2
634.jpg,10
635.jpg,100000000
636.jpg,2
637.jpg,4
638.jpg,6
639.jpg,0
640.jpg,3
641.jpg,7
642.jpg,100000000
643.jpg,1
644.jpg,5
645.jpg,100000000
646.jpg,0
647.jpg,10
648.jpg,8
649.jpg,6
650.jpg,1
651.jpg,1
652.jpg,1000
653.jpg,0
654.jpg,0
655.jpg,5
656.jpg,6
657.jpg,7
658.jpg,4
659.jpg,100
660.jpg,1
661.jpg,0
662.jpg,100
663.jpg,10
664.jpg,5
665.jpg,0
666.jpg,0
667.jpg,0
668.jpg,0
669.jpg,0
670.jpg,9
671.jpg,1
672.jpg,8
673.jpg,5
674.jpg,0
675.jpg,5
676.jpg,2
677.jpg,0
678.jpg,10
679.jpg,5
680.jpg,7
681.jpg,0
682.jpg,10000
683.jpg,10000
684.jpg,1000
685.jpg,1000
686.jpg,0
687.jpg,0
688.jpg,1
689.jpg,1
690.jpg,8
691.jpg,4
692.jpg,9
693.jpg,6
694.jpg,0
695.jpg,9
696.jpg,2
697.jpg,0
698.jpg,0
699.jpg,0
700.jpg,7
701.jpg,0
702.jpg,4
703.jpg,0
704.jpg,0
705.jpg,1
706.jpg,0
707.jpg,1000
708.jpg,1
709.jpg,1
710.jpg,0
711.jpg,2
712.jpg,3
713.jpg,2
714.jpg,100000000
715.jpg,0
716.jpg,3
717.jpg,6
718.jpg,8
719.jpg,5
720.jpg,1
721.jpg,0
722.jpg,1
723.jpg,3
724.jpg,0
725.jpg,0
726.jpg,10000
727.jpg,7
728.jpg,1
729.jpg,2
730.jpg,0
731.jpg,5
732.jpg,0
733.jpg,4
734.jpg,9
735.jpg,1
736.jpg,4
737.jpg,0
738.jpg,100000000
739.jpg,7
740.jpg,0
741.jpg,0
742.jpg,6
743.jpg,0
744.jpg,4
745.jpg,9
746.jpg,1
747.jpg,8
748.jpg,4
749.jpg,8
750.jpg,100000000
751.jpg,0
752.jpg,0
753.jpg,0
754.jpg,1
755.jpg,0
756.jpg,8
757.jpg,5
758.jpg,1
759.jpg,1
760.jpg,8
761.jpg,1
762.jpg,2
763.jpg,0
764.jpg,100
765.jpg,0
766.jpg,3
767.jpg,0
768.jpg,7
769.jpg,3
770.jpg,1
771.jpg,0
772.jpg,100
773.jpg,0
774.jpg,100
775.jpg,0
776.jpg,0
777.jpg,0
778.jpg,0
779.jpg,0
780.jpg,10000
781.jpg,10000
782.jpg,6
783.jpg,1
784.jpg,0
785.jpg,4
786.jpg,2
787.jpg,0
788.jpg,5
789.jpg,4
790.jpg,100000000
791.jpg,100
792.jpg,6
793.jpg,7
794.jpg,0
795.jpg,0
796.jpg,1
797.jpg,9
798.jpg,1
799.jpg,10000
800.jpg,0
801.jpg,0
802.jpg,0
803.jpg,0
804.jpg,1
805.jpg,7
806.jpg,3
807.jpg,0
808.jpg,100
809.jpg,6
810.jpg,10
811.jpg,0
812.jpg,0
813.jpg,0
814.jpg,1
815.jpg,3
816.jpg,0
817.jpg,0
818.jpg,100000000
819.jpg,3
820.jpg,10000
821.jpg,6
822.jpg,0
823.jpg,0
824.jpg,7
825.jpg,4
826.jpg,0
827.jpg,2
828.jpg,0
829.jpg,0
830.jpg,10000
831.jpg,0
832.jpg,0
833.jpg,1000
834.jpg,100
835.jpg,6
836.jpg,0
837.jpg,2
838.jpg,0
839.jpg,2
840.jpg,5
841.jpg,0
842.jpg,0
843.jpg,0
844.jpg,8
845.jpg,0
846.jpg,0
847.jpg,5
848.jpg,0
849.jpg,4
850.jpg,9
851.jpg,10
852.jpg,6
853.jpg,1
854.jpg,0
855.jpg,1
856.jpg,100
857.jpg,0
858.jpg,0
859.jpg,2
860.jpg,3
861.jpg,0
862.jpg,7
863.jpg,7
864.jpg,0
865.jpg,3
866.jpg,4
867.jpg,1000
868.jpg,4
869.jpg,10000
870.jpg,1000
871.jpg,0
872.jpg,8
873.jpg,0
874.jpg,0
875.jpg,10000
876.jpg,0
877.jpg,0
878.jpg,9
879.jpg,7
880.jpg,10000
881.jpg,0
882.jpg,0
883.jpg,7
884.jpg,6
885.jpg,0
886.jpg,10
887.jpg,0
888.jpg,1
889.jpg,100000000
890.jpg,0
891.jpg,8
892.jpg,3
893.jpg,0
894.jpg,0
895.jpg,100000000
896.jpg,1
897.jpg,0
898.jpg,7
899.jpg,2
900.jpg,2
901.jpg,0
902.jpg,3
903.jpg,2
904.jpg,0
905.jpg,1000
906.jpg,8
907.jpg,7
908.jpg,10
909.jpg,10000
910.jpg,5
911.jpg,4
912.jpg,2
913.jpg,0
914.jpg,0
915.jpg,0
916.jpg,1
917.jpg,6
918.jpg,6
919.jpg,0
920.jpg,1000
921.jpg,7
922.jpg,5
923.jpg,7
924.jpg,4
925.jpg,0
926.jpg,4
927.jpg,3
928.jpg,0
929.jpg,0
930.jpg,6
931.jpg,1
932.jpg,100000000
933.jpg,0
934.jpg,9
935.jpg,4
936.jpg,0
937.jpg,100000000
938.jpg,0
939.jpg,10000
940.jpg,0
941.jpg,0
942.jpg,1
943.jpg,0
944.jpg,10000
945.jpg,0
946.jpg,8
947.jpg,2
948.jpg,0
949.jpg,4
950.jpg,0
951.jpg,100
952.jpg,0
953.jpg,0
954.jpg,4
955.jpg,7
956.jpg,5
957.jpg,0
958.jpg,10
959.jpg,3
960.jpg,0
961.jpg,10000
962.jpg,5
963.jpg,1
964.jpg,0
965.jpg,0
966.jpg,0
967.jpg,0
968.jpg,0
969.jpg,0
970.jpg,2
971.jpg,10000
972.jpg,1000
973.jpg,9
974.jpg,9
975.jpg,10000
976.jpg,10
977.jpg,8
978.jpg,2
979.jpg,10
980.jpg,1
981.jpg,1
982.jpg,0
983.jpg,10
984.jpg,0
985.jpg,10000
986.jpg,100
987.jpg,1000
988.jpg,4
989.jpg,0
990.jpg,100000000
991.jpg,8
992.jpg,4
993.jpg,10000
994.jpg,7
995.jpg,6
996.jpg,2
997.jpg,10000
998.jpg,0
999.jpg,0
1000.jpg,0
1001.jpg,0
1002.jpg,4
1003.jpg,100000000
1004.jpg,0
1005.jpg,5
1006.jpg,7
1007.jpg,0
1008.jpg,5
1009.jpg,2
1010.jpg,0
1011.jpg,4
1012.jpg,1000
1013.jpg,0
1014.jpg,0
1015.jpg,0
1016.jpg,0
1017.jpg,2
1018.jpg,0
1019.jpg,7
1020.jpg,10
1021.jpg,0
1022.jpg,0
1023.jpg,1
1024.jpg,100
1025.jpg,0
1026.jpg,1000
1027.jpg,5
1028.jpg,1000
1029.jpg,6
1030.jpg,7
1031.jpg,0
1032.jpg,5
1033.jpg,8
1034.jpg,0
1035.jpg,9
1036.jpg,4
1037.jpg,10
1038.jpg,0
1039.jpg,8
1040.jpg,0
1041.jpg,7
1042.jpg,0
1043.jpg,4
1044.jpg,0
1045.jpg,7
1046.jpg,0
1047.jpg,8
1048.jpg,4
1049.jpg,0
1050.jpg,4
1051.jpg,1
1052.jpg,3
1053.jpg,0
1054.jpg,0
1055.jpg,0
1056.jpg,0
1057.jpg,5
1058.jpg,9
1059.jpg,0
1060.jpg,6
1061.jpg,0
1062.jpg,6
1063.jpg,3
1064.jpg,0
1065.jpg,9
1066.jpg,5
1067.jpg,8
1068.jpg,5
1069.jpg,1000
1070.jpg,9
1071.jpg,7
1072.jpg,4
1073.jpg,2
1074.jpg,0
1075.jpg,9
1076.jpg,9
1077.jpg,100000000
1078.jpg,0
1079.jpg,2
1080.jpg,3
1081.jpg,0
1082.jpg,3
1083.jpg,3
1084.jpg,10000
1085.jpg,5
1086.jpg,8
1087.jpg,0
1088.jpg,100000000
1089.jpg,0
1090.jpg,100
1091.jpg,9
1092.jpg,2
1093.jpg,1000
1094.jpg,100
1095.jpg,100
1096.jpg,100
1097.jpg,3
1098.jpg,10000
1099.jpg,9
1100.jpg,8
1101.jpg,7
1102.jpg,100000000
1103.jpg,100000000
1104.jpg,6
1105.jpg,0
1106.jpg,7
1107.jpg,1000
1108.jpg,8
1109.jpg,4
1110.jpg,9
1111.jpg,10000
1112.jpg,9
1113.jpg,0
1114.jpg,1
1115.jpg,5
1116.jpg,9
1117.jpg,2
1118.jpg,0
1119.jpg,0
1120.jpg,8
1121.jpg,8
1122.jpg,2
1123.jpg,4
1124.jpg,4
1125.jpg,6
1126.jpg,0
1127.jpg,0
1128.jpg,1000
1129.jpg,8
1130.jpg,7
1131.jpg,10
1132.jpg,10
1133.jpg,100000000
1134.jpg,4
1135.jpg,6
1136.jpg,0
1137.jpg,2
1138.jpg,100000000
1139.jpg,5
1140.jpg,0
1141.jpg,0
1142.jpg,0
1143.jpg,1
1144.jpg,7
1145.jpg,100000000
1146.jpg,0
1147.jpg,7
1148.jpg,0
1149.jpg,2
1150.jpg,2
1151.jpg,0
1152.jpg,0
1153.jpg,100
1154.jpg,10
1155.jpg,10
1156.jpg,0
1157.jpg,2
1158.jpg,100
1159.jpg,8
1160.jpg,0
1161.jpg,3
1162.jpg,3
1163.jpg,4
1164.jpg,0
1165.jpg,0
1166.jpg,7
1167.jpg,100
1168.jpg,100000000
1169.jpg,2
1170.jpg,0
1171.jpg,4
1172.jpg,0
1173.jpg,100
1174.jpg,8
1175.jpg,1
1176.jpg,6
1177.jpg,0
1178.jpg,0
1179.jpg,0
1180.jpg,0
1181.jpg,1
1182.jpg,8
1183.jpg,0
1184.jpg,10
1185.jpg,9
1186.jpg,0
1187.jpg,0
1188.jpg,0
1189.jpg,0
1190.jpg,1000
1191.jpg,3
1192.jpg,10
1193.jpg,0
1194.jpg,100
1195.jpg,3
1196.jpg,10000
1197.jpg,1000
1198.jpg,0
1199.jpg,0
1200.jpg,8
1201.jpg,100000000
1202.jpg,10000
1203.jpg,0
1204.jpg,8
1205.jpg,4
1206.jpg,9
1207.jpg,10000
1208.jpg,0
1209.jpg,0
1210.jpg,0
1211.jpg,4
1212.jpg,7
1213.jpg,1
1214.jpg,1
1215.jpg,1000
1216.jpg,100
1217.jpg,0
1218.jpg,6
1219.jpg,100
1220.jpg,0
1221.jpg,9
1222.jpg,7
1223.jpg,5
1224.jpg,0
1225.jpg,0
1226.jpg,4
1227.jpg,8
1228.jpg,100000000
1229.jpg,2
1230.jpg,7
1231.jpg,0
1232.jpg,0
1233.jpg,100000000
1234.jpg,0
1235.jpg,0
1236.jpg,0
1237.jpg,3
1238.jpg,5
1239.jpg,0
1240.jpg,0
1241.jpg,0
1242.jpg,8
1243.jpg,0
1244.jpg,5
1245.jpg,8
1246.jpg,0
1247.jpg,0
1248.jpg,10
1249.jpg,2
1250.jpg,8
1251.jpg,6
1252.jpg,100
1253.jpg,0
1254.jpg,4
1255.jpg,0
1256.jpg,0
1257.jpg,10000
1258.jpg,0
1259.jpg,0
1260.jpg,1
1261.jpg,0
1262.jpg,1
1263.jpg,8
1264.jpg,0
1265.jpg,0
1266.jpg,0
1267.jpg,0
1268.jpg,100000000
1269.jpg,3
1270.jpg,2
1271.jpg,0
1272.jpg,0
1273.jpg,3
1274.jpg,0
1275.jpg,0
1276.jpg,1
1277.jpg,5
1278.jpg,0
1279.jpg,0
1280.jpg,3
1281.jpg,2
1282.jpg,0
1283.jpg,4
1284.jpg,1
1285.jpg,4
1286.jpg,1000
1287.jpg,0
1288.jpg,0
1289.jpg,0
1290.jpg,4
1291.jpg,3
1292.jpg,0
1293.jpg,0
1294.jpg,2
1295.jpg,0
1296.jpg,0
1297.jpg,0
1298.jpg,0
1299.jpg,3
1300.jpg,0
1301.jpg,0
1302.jpg,5
1303.jpg,0
1304.jpg,0
1305.jpg,0
1306.jpg,9
1307.jpg,5
1308.jpg,100
1309.jpg,5
1310.jpg,0
1311.jpg,0
1312.jpg,2
1313.jpg,10
1314.jpg,1
1315.jpg,0
1316.jpg,0
1317.jpg,0
1318.jpg,0
1319.jpg,1
1320.jpg,8
1321.jpg,10
1322.jpg,0
1323.jpg,8
1324.jpg,0
1325.jpg,0
1326.jpg,0
1327.jpg,0
1328.jpg,0
1329.jpg,0
1330.jpg,8
1331.jpg,6
1332.jpg,10
1333.jpg,3
1334.jpg,0
1335.jpg,6
1336.jpg,8
1337.jpg,0
1338.jpg,10000
1339.jpg,0
1340.jpg,0
1341.jpg,0
1342.jpg,6
1343.jpg,0
1344.jpg,0
1345.jpg,2
1346.jpg,1000
1347.jpg,100
1348.jpg,8
1349.jpg,0
1350.jpg,1
1351.jpg,1
1352.jpg,1
1353.jpg,6
1354.jpg,100000000
1355.jpg,10000
1356.jpg,10000
1357.jpg,3
1358.jpg,1000
1359.jpg,0
1360.jpg,5
1361.jpg,9
1362.jpg,1000
1363.jpg,1
1364.jpg,8
1365.jpg,10000
1366.jpg,0
1367.jpg,100
1368.jpg,9
1369.jpg,3
1370.jpg,0
1371.jpg,6
1372.jpg,0
1373.jpg,6
1374.jpg,3
1375.jpg,9
1376.jpg,1
1377.jpg,0
1378.jpg,100000000
1379.jpg,100
1380.jpg,2
1381.jpg,8
1382.jpg,8
1383.jpg,2
1384.jpg,1000
1385.jpg,0
1386.jpg,1
1387.jpg,4
1388.jpg,0
1389.jpg,10000
1390.jpg,0
1391.jpg,0
1392.jpg,1000
1393.jpg,5
1394.jpg,100000000
1395.jpg,0
1396.jpg,7
1397.jpg,2
1398.jpg,0
1399.jpg,0
1400.jpg,4
1401.jpg,0
1402.jpg,9
1403.jpg,0
1404.jpg,0
1405.jpg,10
1406.jpg,3
1407.jpg,1
1408.jpg,7
1409.jpg,9
1410.jpg,0
1411.jpg,1
1412.jpg,0
1413.jpg,10
1414.jpg,0
1415.jpg,7
1416.jpg,9
1417.jpg,0
1418.jpg,9
1419.jpg,0
1420.jpg,7
1421.jpg,0
1422.jpg,2
1423.jpg,0
1424.jpg,0
1425.jpg,5
1426.jpg,8
1427.jpg,0
1428.jpg,7
1429.jpg,100000000
1430.jpg,1
1431.jpg,0
1432.jpg,4
1433.jpg,0
1434.jpg,5
1435.jpg,100000000
1436.jpg,7
1437.jpg,0
1438.jpg,0
1439.jpg,9
1440.jpg,6
1441.jpg,9
1442.jpg,1
1443.jpg,5
1444.jpg,0
1445.jpg,7
1446.jpg,100
1447.jpg,1
1448.jpg,4
1449.jpg,0
1450.jpg,1000
1451.jpg,100
1452.jpg,100000000
1453.jpg,0
1454.jpg,8
1455.jpg,5
1456.jpg,9
1457.jpg,1000
1458.jpg,0
1459.jpg,4
1460.jpg,0
1461.jpg,0
1462.jpg,0
1463.jpg,1
1464.jpg,4
1465.jpg,8
1466.jpg,4
1467.jpg,3
1468.jpg,2
1469.jpg,0
1470.jpg,0
1471.jpg,6
1472.jpg,0
1473.jpg,8
1474.jpg,10
1475.jpg,0
1476.jpg,0
1477.jpg,0
1478.jpg,0
1479.jpg,5
1480.jpg,5
1481.jpg,3
1482.jpg,5
1483.jpg,1000
1484.jpg,100000000
1485.jpg,0
1486.jpg,3
1487.jpg,6
1488.jpg,6
1489.jpg,7
1490.jpg,3
1491.jpg,1000
1492.jpg,4
1493.jpg,0
1494.jpg,6
1495.jpg,100
1496.jpg,5
1497.jpg,7
1498.jpg,3
1499.jpg,0
1500.jpg,100
1501.jpg,0
1502.jpg,5
1503.jpg,0
1504.jpg,10000
1505.jpg,0
1506.jpg,6
1507.jpg,10000
1508.jpg,9
1509.jpg,0
1510.jpg,0
1511.jpg,10000
1512.jpg,0
1513.jpg,4
1514.jpg,0
1515.jpg,2
1516.jpg,0
1517.jpg,100000000
1518.jpg,100
1519.jpg,100
1520.jpg,100000000
1521.jpg,0
1522.jpg,100
1523.jpg,1000
1524.jpg,0
1525.jpg,5
1526.jpg,2
1527.jpg,3
1528.jpg,2
1529.jpg,6
1530.jpg,1
1531.jpg,10
1532.jpg,0
1533.jpg,0
1534.jpg,10000
1535.jpg,100000000
1536.jpg,0
1537.jpg,1000
1538.jpg,3
1539.jpg,0
1540.jpg,1
1541.jpg,1
1542.jpg,2
1543.jpg,7
1544.jpg,5
1545.jpg,0
1546.jpg,10
1547.jpg,0
1548.jpg,0
1549.jpg,100000000
1550.jpg,0
1551.jpg,6
1552.jpg,7
1553.jpg,1
1554.jpg,100000000
1555.jpg,10000
1556.jpg,9
1557.jpg,5
1558.jpg,6
1559.jpg,7
1560.jpg,0
1561.jpg,100000000
1562.jpg,8
1563.jpg,9
1564.jpg,4
1565.jpg,0
1566.jpg,1000
1567.jpg,7
1568.jpg,3
1569.jpg,9
1570.jpg,0
1571.jpg,3
1572.jpg,3
1573.jpg,0
1574.jpg,2
1575.jpg,0
1576.jpg,3
1577.jpg,0
1578.jpg,0
1579.jpg,4
1580.jpg,0
1581.jpg,6
1582.jpg,0
1583.jpg,0
1584.jpg,1
1585.jpg,0
1586.jpg,0
1587.jpg,0
1588.jpg,0
1589.jpg,0
1590.jpg,1000
1591.jpg,9
1592.jpg,6
1593.jpg,3
1594.jpg,0
1595.jpg,0
1596.jpg,0
1597.jpg,0
1598.jpg,10
1599.jpg,0
1600.jpg,5
1601.jpg,3
1602.jpg,0
1603.jpg,100000000
1604.jpg,0
1605.jpg,10000
1606.jpg,10000
1607.jpg,5
1608.jpg,0
1609.jpg,10
1610.jpg,1
1611.jpg,0
1612.jpg,0
1613.jpg,0
1614.jpg,3
1615.jpg,8
1616.jpg,10000
1617.jpg,3
1618.jpg,0
1619.jpg,100000000
1620.jpg,0
1621.jpg,7
1622.jpg,5
1623.jpg,10
1624.jpg,0
1625.jpg,0
1626.jpg,4
1627.jpg,100000000
1628.jpg,6
1629.jpg,0
1630.jpg,1000
1631.jpg,6
1632.jpg,0
1633.jpg,6
1634.jpg,1
1635.jpg,0
1636.jpg,0
1637.jpg,0
1638.jpg,2
1639.jpg,9
1640.jpg,0
1641.jpg,0
1642.jpg,0
1643.jpg,10000
1644.jpg,9
1645.jpg,0
1646.jpg,0
1647.jpg,6
1648.jpg,0
1649.jpg,7
1650.jpg,100000000
1651.jpg,2
1652.jpg,5
1653.jpg,10
1654.jpg,0
1655.jpg,1
1656.jpg,3
1657.jpg,0
1658.jpg,0
1659.jpg,3
1660.jpg,7
1661.jpg,0
1662.jpg,100000000
1663.jpg,7
1664.jpg,3
1665.jpg,0
1666.jpg,0
1667.jpg,7
1668.jpg,1000
1669.jpg,6
1670.jpg,1000
1671.jpg,0
1672.jpg,10000
1673.jpg,1
1674.jpg,10
1675.jpg,100000000
1676.jpg,0
1677.jpg,0
1678.jpg,0
1679.jpg,6
1680.jpg,10
1681.jpg,10000
1682.jpg,100
1683.jpg,5
1684.jpg,0
1685.jpg,8
1686.jpg,0
1687.jpg,3
1688.jpg,0
1689.jpg,0
1690.jpg,7
1691.jpg,6
1692.jpg,10
1693.jpg,1
1694.jpg,0
1695.jpg,1
1696.jpg,1
1697.jpg,10000
1698.jpg,100000000
1699.jpg,0
1700.jpg,100000000
1701.jpg,0
1702.jpg,100
1703.jpg,5
1704.jpg,0
1705.jpg,4
1706.jpg,0
1707.jpg,0
1708.jpg,5
1709.jpg,100000000
1710.jpg,3
1711.jpg,2
1712.jpg,0
1713.jpg,0
1714.jpg,6
1715.jpg,4
1716.jpg,0
1717.jpg,0
1718.jpg,0
1719.jpg,0
1720.jpg,0
1721.jpg,0
1722.jpg,0
1723.jpg,0
1724.jpg,0
1725.jpg,3
1726.jpg,3
1727.jpg,3
1728.jpg,6
1729.jpg,0
1730.jpg,0
1731.jpg,0
1732.jpg,1000
1733.jpg,100000000
1734.jpg,0
1735.jpg,8
1736.jpg,8
1737.jpg,3
1738.jpg,5
1739.jpg,8
1740.jpg,10
1741.jpg,9
1742.jpg,1
1743.jpg,1
1744.jpg,3
1745.jpg,1
1746.jpg,8
1747.jpg,2
1748.jpg,0
1749.jpg,10
1750.jpg,0
1751.jpg,8
1752.jpg,1
1753.jpg,10000
1754.jpg,10000
1755.jpg,0
1756.jpg,9
1757.jpg,0
1758.jpg,1000
1759.jpg,0
1760.jpg,0
1761.jpg,0
1762.jpg,100
1763.jpg,5
1764.jpg,0
1765.jpg,2
1766.jpg,1
1767.jpg,9
1768.jpg,1000
1769.jpg,100000000
1770.jpg,4
1771.jpg,0
1772.jpg,1
1773.jpg,9
1774.jpg,9
1775.jpg,10
1776.jpg,100000000
1777.jpg,6
1778.jpg,1
1779.jpg,10000
1780.jpg,0
1781.jpg,0
1782.jpg,0
1783.jpg,4
1784.jpg,0
1785.jpg,100
1786.jpg,6
1787.jpg,0
1788.jpg,0
1789.jpg,9
1790.jpg,0
1791.jpg,1000
1792.jpg,6
1793.jpg,2
1794.jpg,6
1795.jpg,0
1796.jpg,9
1797.jpg,8
1798.jpg,0
1799.jpg,1
1800.jpg,0
1801.jpg,1
1802.jpg,5
1803.jpg,100000000
1804.jpg,9
1805.jpg,4
1806.jpg,6
1807.jpg,0
1808.jpg,0
1809.jpg,0
1810.jpg,4
1811.jpg,100000000
1812.jpg,1
1813.jpg,5
1814.jpg,0
1815.jpg,0
1816.jpg,0
1817.jpg,0
1818.jpg,10000
1819.jpg,3
1820.jpg,8
1821.jpg,10000
1822.jpg,10000
1823.jpg,0
1824.jpg,9
1825.jpg,100
1826.jpg,0
1827.jpg,8
1828.jpg,0
1829.jpg,1
1830.jpg,5
1831.jpg,10
1832.jpg,8
1833.jpg,7
1834.jpg,0
1835.jpg,7
1836.jpg,0
1837.jpg,8
1838.jpg,1000
1839.jpg,8
1840.jpg,0
1841.jpg,0
1842.jpg,0
1843.jpg,0
1844.jpg,0
1845.jpg,0
1846.jpg,7
1847.jpg,1000
1848.jpg,8
1849.jpg,0
1850.jpg,7
1851.jpg,8
1852.jpg,1
1853.jpg,10000
1854.jpg,0
1855.jpg,100000000
1856.jpg,8
1857.jpg,0
1858.jpg,7
1859.jpg,5
1860.jpg,0
1861.jpg,6
1862.jpg,9
1863.jpg,5
1864.jpg,3
1865.jpg,0
1866.jpg,9
1867.jpg,10
1868.jpg,0
1869.jpg,7
1870.jpg,10
1871.jpg,100
1872.jpg,100000000
1873.jpg,0
1874.jpg,0
1875.jpg,9
1876.jpg,100
1877.jpg,0
1878.jpg,0
1879.jpg,0
1880.jpg,0
1881.jpg,2
1882.jpg,3
1883.jpg,1
1884.jpg,0
1885.jpg,0
1886.jpg,100000000
1887.jpg,1
1888.jpg,1000
1889.jpg,5
1890.jpg,6
1891.jpg,0
1892.jpg,0
1893.jpg,0
1894.jpg,7
1895.jpg,7
1896.jpg,0
1897.jpg,7
1898.jpg,10
1899.jpg,0
1900.jpg,0
1901.jpg,6
1902.jpg,100000000
1903.jpg,8
1904.jpg,1
1905.jpg,0
1906.jpg,1
1907.jpg,1
1908.jpg,1
1909.jpg,10000
1910.jpg,6
1911.jpg,10000
1912.jpg,1
1913.jpg,4
1914.jpg,9
1915.jpg,6
1916.jpg,6
1917.jpg,9
1918.jpg,1000
1919.jpg,1
1920.jpg,0
1921.jpg,0
1922.jpg,2
1923.jpg,10000
1924.jpg,3
1925.jpg,10000
1926.jpg,10
1927.jpg,1
1928.jpg,0
1929.jpg,3
1930.jpg,0
1931.jpg,6
1932.jpg,4
1933.jpg,6
1934.jpg,7
1935.jpg,0
1936.jpg,0
1937.jpg,9
1938.jpg,2
1939.jpg,2
1940.jpg,6
1941.jpg,0
1942.jpg,9
1943.jpg,4
1944.jpg,0
1945.jpg,100
1946.jpg,7
1947.jpg,10000
1948.jpg,10
1949.jpg,3
1950.jpg,3
1951.jpg,0
1952.jpg,10
1953.jpg,2
1954.jpg,0
1955.jpg,5
1956.jpg,0
1957.jpg,10
1958.jpg,100
1959.jpg,1000
1960.jpg,1000
1961.jpg,1
1962.jpg,0
1963.jpg,0
1964.jpg,1000
1965.jpg,2
1966.jpg,0
1967.jpg,0
1968.jpg,0
1969.jpg,10
1970.jpg,0
1971.jpg,0
1972.jpg,9
1973.jpg,0
1974.jpg,0
1975.jpg,10
1976.jpg,0
1977.jpg,8
1978.jpg,1000
1979.jpg,0
1980.jpg,9
1981.jpg,0
1982.jpg,0
1983.jpg,0
1984.jpg,1000
1985.jpg,0
1986.jpg,1
1987.jpg,10000
1988.jpg,0
1989.jpg,0
1990.jpg,0
1991.jpg,0
1992.jpg,0
1993.jpg,8
1994.jpg,6
1995.jpg,2
1996.jpg,8
1997.jpg,100
1998.jpg,10
1999.jpg,7
2000.jpg,0
2001.jpg,6
2002.jpg,10000
2003.jpg,100
2004.jpg,0
2005.jpg,10000
2006.jpg,0
2007.jpg,1
2008.jpg,0
2009.jpg,0
2010.jpg,0
2011.jpg,1
2012.jpg,1
2013.jpg,4
2014.jpg,0
2015.jpg,3
2016.jpg,10000
2017.jpg,0
2018.jpg,10000
2019.jpg,100
2020.jpg,0
2021.jpg,100
2022.jpg,0
2023.jpg,100
2024.jpg,6
2025.jpg,2
2026.jpg,0
2027.jpg,0
2028.jpg,100000000
2029.jpg,0
2030.jpg,0
2031.jpg,0
2032.jpg,0
2033.jpg,6
2034.jpg,1000
2035.jpg,6
2036.jpg,0
2037.jpg,6
2038.jpg,0
2039.jpg,0
2040.jpg,4
2041.jpg,0
2042.jpg,0
2043.jpg,8
2044.jpg,1000
2045.jpg,10000
2046.jpg,4
2047.jpg,6
2048.jpg,0
2049.jpg,10
2050.jpg,3
2051.jpg,2
2052.jpg,1
2053.jpg,0
2054.jpg,0
2055.jpg,8
2056.jpg,2
2057.jpg,0
2058.jpg,0
2059.jpg,0
2060.jpg,4
2061.jpg,0
2062.jpg,3
2063.jpg,9
2064.jpg,9
2065.jpg,9
2066.jpg,0
2067.jpg,0
2068.jpg,0
2069.jpg,0
2070.jpg,2
2071.jpg,4
2072.jpg,0
2073.jpg,1
2074.jpg,10000
2075.jpg,5
2076.jpg,0
2077.jpg,0
2078.jpg,0
2079.jpg,10000
2080.jpg,0
2081.jpg,0
2082.jpg,0
2083.jpg,5
2084.jpg,5
2085.jpg,2
2086.jpg,0
2087.jpg,1000
2088.jpg,0
2089.jpg,7
2090.jpg,0
2091.jpg,0
2092.jpg,0
2093.jpg,3
2094.jpg,1
2095.jpg,100
2096.jpg,2
2097.jpg,10
2098.jpg,0
2099.jpg,0
2100.jpg,0
2101.jpg,0
2102.jpg,100
2103.jpg,9
2104.jpg,0
2105.jpg,0
2106.jpg,1000
2107.jpg,0
2108.jpg,5
2109.jpg,6
2110.jpg,4
2111.jpg,2
2112.jpg,7
2113.jpg,2
2114.jpg,3
2115.jpg,2
2116.jpg,0
2117.jpg,0
2118.jpg,0
2119.jpg,3
2120.jpg,1
2121.jpg,0
2122.jpg,0
2123.jpg,0
2124.jpg,3
2125.jpg,5
2126.jpg,5
2127.jpg,0
2128.jpg,1
2129.jpg,3
2130.jpg,100000000
2131.jpg,1
2132.jpg,0
2133.jpg,0
2134.jpg,0
2135.jpg,1000
2136.jpg,3
2137.jpg,6
2138.jpg,0
2139.jpg,0
2140.jpg,0
2141.jpg,1000
2142.jpg,7
2143.jpg,0
2144.jpg,2
2145.jpg,0
2146.jpg,100
2147.jpg,2
2148.jpg,7
2149.jpg,0
2150.jpg,2
2151.jpg,0
2152.jpg,100000000
2153.jpg,6
2154.jpg,7
2155.jpg,2
2156.jpg,0
2157.jpg,2
2158.jpg,1
2159.jpg,4
2160.jpg,1
2161.jpg,8
2162.jpg,8
2163.jpg,9
2164.jpg,5
2165.jpg,0
2166.jpg,10000
2167.jpg,0
2168.jpg,0
2169.jpg,0
2170.jpg,8
2171.jpg,5
2172.jpg,0
2173.jpg,1
2174.jpg,3
2175.jpg,1
2176.jpg,10000
2177.jpg,0
2178.jpg,9
2179.jpg,0
2180.jpg,7
2181.jpg,0
2182.jpg,9
2183.jpg,9
2184.jpg,100
2185.jpg,6
2186.jpg,9
2187.jpg,100
2188.jpg,5
2189.jpg,6
2190.jpg,7
2191.jpg,2
2192.jpg,0
2193.jpg,1000
2194.jpg,6
2195.jpg,100000000
2196.jpg,10
2197.jpg,3
2198.jpg,100000000
2199.jpg,8
2200.jpg,10
2201.jpg,0
2202.jpg,0
2203.jpg,10000
2204.jpg,7
2205.jpg,1000
2206.jpg,10000
2207.jpg,0
2208.jpg,3
2209.jpg,1
2210.jpg,0
2211.jpg,0
2212.jpg,1
2213.jpg,2
2214.jpg,100
2215.jpg,6
2216.jpg,9
2217.jpg,10000
2218.jpg,9
2219.jpg,7
2220.jpg,0
2221.jpg,8
2222.jpg,0
2223.jpg,9
2224.jpg,0
2225.jpg,100000000
2226.jpg,0
2227.jpg,0
2228.jpg,6
2229.jpg,8
2230.jpg,0
2231.jpg,8
2232.jpg,6
2233.jpg,3
2234.jpg,2
2235.jpg,1
2236.jpg,2
2237.jpg,0
2238.jpg,2
2239.jpg,0
2240.jpg,0
2241.jpg,9
2242.jpg,0
2243.jpg,0
2244.jpg,2
2245.jpg,0
2246.jpg,0
2247.jpg,0
2248.jpg,8
2249.jpg,9
2250.jpg,100000000
2251.jpg,8
2252.jpg,8
2253.jpg,1000
2254.jpg,0
2255.jpg,1
2256.jpg,10000
2257.jpg,0
2258.jpg,7
2259.jpg,10000
2260.jpg,10000
2261.jpg,4
2262.jpg,0
2263.jpg,100000000
2264.jpg,0
2265.jpg,0
2266.jpg,1000
2267.jpg,0
2268.jpg,0
2269.jpg,0
2270.jpg,0
2271.jpg,1
2272.jpg,10000
2273.jpg,7
2274.jpg,0
2275.jpg,0
2276.jpg,0
2277.jpg,1
2278.jpg,4
2279.jpg,0
2280.jpg,4
2281.jpg,5
2282.jpg,100000000
2283.jpg,0
2284.jpg,0
2285.jpg,10
2286.jpg,10
2287.jpg,0
2288.jpg,3
2289.jpg,0
2290.jpg,10
2291.jpg,10
2292.jpg,0
2293.jpg,100000000
2294.jpg,5
2295.jpg,0
2296.jpg,0
2297.jpg,0
2298.jpg,1000
2299.jpg,0
2300.jpg,1
2301.jpg,0
2302.jpg,100000000
2303.jpg,5
2304.jpg,0
2305.jpg,4
2306.jpg,0
2307.jpg,9
2308.jpg,4
2309.jpg,0
2310.jpg,4
2311.jpg,0
2312.jpg,0
2313.jpg,0
2314.jpg,2
2315.jpg,0
2316.jpg,0
2317.jpg,9
2318.jpg,0
2319.jpg,9
2320.jpg,0
2321.jpg,0
2322.jpg,0
2323.jpg,0
2324.jpg,0
2325.jpg,0
2326.jpg,5
2327.jpg,0
2328.jpg,100
2329.jpg,0
2330.jpg,8
2331.jpg,100
2332.jpg,7
2333.jpg,0
2334.jpg,1
2335.jpg,1000
2336.jpg,10000
2337.jpg,1000
2338.jpg,4
2339.jpg,100000000
2340.jpg,5
2341.jpg,0
2342.jpg,1
2343.jpg,0
2344.jpg,1
2345.jpg,10000
2346.jpg,9
2347.jpg,2
2348.jpg,8
2349.jpg,2
2350.jpg,0
2351.jpg,1
2352.jpg,3
2353.jpg,10000
2354.jpg,100000000
2355.jpg,5
2356.jpg,2
2357.jpg,10000
2358.jpg,1
2359.jpg,3
2360.jpg,0
2361.jpg,0
2362.jpg,6
2363.jpg,0
2364.jpg,5
2365.jpg,0
2366.jpg,1
2367.jpg,3
2368.jpg,9
2369.jpg,0
2370.jpg,0
2371.jpg,0
2372.jpg,8
2373.jpg,3
2374.jpg,10000
2375.jpg,0
2376.jpg,4
2377.jpg,1
2378.jpg,8
2379.jpg,2
2380.jpg,1000
2381.jpg,2
2382.jpg,7
2383.jpg,1
2384.jpg,6
2385.jpg,1000
2386.jpg,0
2387.jpg,0
2388.jpg,3
2389.jpg,7
2390.jpg,9
2391.jpg,1000
2392.jpg,7
2393.jpg,1000
2394.jpg,10000
2395.jpg,4
2396.jpg,2
2397.jpg,0
2398.jpg,3
2399.jpg,9
2400.jpg,2
2401.jpg,6
2402.jpg,100
2403.jpg,100
2404.jpg,1
2405.jpg,4
2406.jpg,9
2407.jpg,6
2408.jpg,5
2409.jpg,100000000
2410.jpg,4
2411.jpg,0
2412.jpg,0
2413.jpg,10
2414.jpg,6
2415.jpg,1000
2416.jpg,1000
2417.jpg,10000
2418.jpg,0
2419.jpg,100000000
2420.jpg,0
2421.jpg,10
2422.jpg,0
2423.jpg,0
2424.jpg,8
2425.jpg,0
2426.jpg,0
2427.jpg,0
2428.jpg,0
2429.jpg,100000000
2430.jpg,9
2431.jpg,6
2432.jpg,100
2433.jpg,0
2434.jpg,9
2435.jpg,10
2436.jpg,100000000
2437.jpg,0
2438.jpg,6
2439.jpg,0
2440.jpg,10000
2441.jpg,7
2442.jpg,9
2443.jpg,3
2444.jpg,0
2445.jpg,0
2446.jpg,0
2447.jpg,100
2448.jpg,100
2449.jpg,6
2450.jpg,0
2451.jpg,9
2452.jpg,0
2453.jpg,8
2454.jpg,100000000
2455.jpg,10000
2456.jpg,100000000
2457.jpg,10000
2458.jpg,0
2459.jpg,0
2460.jpg,0
2461.jpg,0
2462.jpg,10
2463.jpg,6
2464.jpg,8
2465.jpg,6
2466.jpg,6
2467.jpg,9
2468.jpg,8
2469.jpg,0
2470.jpg,7
2471.jpg,7
2472.jpg,8
2473.jpg,1
2474.jpg,0
2475.jpg,2
2476.jpg,0
2477.jpg,8
2478.jpg,0
2479.jpg,8
2480.jpg,1
2481.jpg,0
2482.jpg,3
2483.jpg,10
2484.jpg,0
2485.jpg,100
2486.jpg,0
2487.jpg,4
2488.jpg,100000000
2489.jpg,10
2490.jpg,5
2491.jpg,0
2492.jpg,1000
2493.jpg,0
2494.jpg,5
2495.jpg,4
2496.jpg,2
2497.jpg,1
2498.jpg,1000
2499.jpg,0
2500.jpg,8
2501.jpg,5
2502.jpg,10000
2503.jpg,10
2504.jpg,10000
2505.jpg,10000
2506.jpg,0
2507.jpg,7
2508.jpg,0
2509.jpg,0
2510.jpg,0
2511.jpg,3
2512.jpg,0
2513.jpg,0
2514.jpg,1
2515.jpg,2
2516.jpg,1000
2517.jpg,0
2518.jpg,0
2519.jpg,1000
2520.jpg,0
2521.jpg,4
2522.jpg,10000
2523.jpg,0
2524.jpg,0
2525.jpg,0
2526.jpg,6
2527.jpg,6
2528.jpg,0
2529.jpg,0
2530.jpg,9
2531.jpg,0
2532.jpg,0
2533.jpg,0
2534.jpg,0
2535.jpg,10
2536.jpg,0
2537.jpg,5
2538.jpg,2
2539.jpg,100000000
2540.jpg,10000
2541.jpg,0
2542.jpg,0
2543.jpg,0
2544.jpg,1000
2545.jpg,0
2546.jpg,2
2547.jpg,100000000
2548.jpg,0
2549.jpg,8
2550.jpg,0
2551.jpg,6
2552.jpg,7
2553.jpg,0
2554.jpg,0
2555.jpg,100
2556.jpg,1000
2557.jpg,0
2558.jpg,3
2559.jpg,100000000
2560.jpg,0
2561.jpg,0
2562.jpg,10
2563.jpg,2
2564.jpg,8
2565.jpg,0
2566.jpg,100
2567.jpg,100000000
2568.jpg,0
2569.jpg,100
2570.jpg,0
2571.jpg,8
2572.jpg,0
2573.jpg,3
2574.jpg,5
2575.jpg,2
2576.jpg,0
2577.jpg,4
2578.jpg,10000
2579.jpg,6
2580.jpg,0
2581.jpg,100000000
2582.jpg,0
2583.jpg,0
2584.jpg,7
2585.jpg,3
2586.jpg,2
2587.jpg,4
2588.jpg,8
2589.jpg,0
2590.jpg,0
2591.jpg,10000
2592.jpg,2
2593.jpg,8
2594.jpg,100
2595.jpg,0
2596.jpg,1000
2597.jpg,0
2598.jpg,7
2599.jpg,0
2600.jpg,0
2601.jpg,0
2602.jpg,0
2603.jpg,0
2604.jpg,100000000
2605.jpg,7
2606.jpg,0
2607.jpg,1000
2608.jpg,8
2609.jpg,0
2610.jpg,6
2611.jpg,7
2612.jpg,0
2613.jpg,1
2614.jpg,0
2615.jpg,10
2616.jpg,1
2617.jpg,10
2618.jpg,0
2619.jpg,7
2620.jpg,2
2621.jpg,8
2622.jpg,0
2623.jpg,10
2624.jpg,0
2625.jpg,1
2626.jpg,10
2627.jpg,8
2628.jpg,8
2629.jpg,2
2630.jpg,10
2631.jpg,0
2632.jpg,0
2633.jpg,7
2634.jpg,7
2635.jpg,0
2636.jpg,0
2637.jpg,7
2638.jpg,7
2639.jpg,100000000
2640.jpg,10000
2641.jpg,8
2642.jpg,0
2643.jpg,0
2644.jpg,0
2645.jpg,0
2646.jpg,1000
2647.jpg,8
2648.jpg,1
2649.jpg,3
2650.jpg,0
2651.jpg,0
2652.jpg,2
2653.jpg,7
2654.jpg,2
2655.jpg,0
2656.jpg,0
2657.jpg,6
2658.jpg,0
2659.jpg,0
2660.jpg,0
2661.jpg,0
2662.jpg,7
2663.jpg,2
2664.jpg,1000
2665.jpg,3
2666.jpg,0
2667.jpg,0
2668.jpg,10
2669.jpg,1
2670.jpg,10000
2671.jpg,5
2672.jpg,9
2673.jpg,10000
2674.jpg,7
2675.jpg,1
2676.jpg,5
2677.jpg,6
2678.jpg,1
2679.jpg,3
2680.jpg,0
2681.jpg,0
2682.jpg,7
2683.jpg,0
2684.jpg,6
2685.jpg,5
2686.jpg,0
2687.jpg,7
2688.jpg,4
2689.jpg,8
2690.jpg,1
2691.jpg,7
2692.jpg,0
2693.jpg,10000
2694.jpg,0
2695.jpg,2
2696.jpg,4
2697.jpg,9
2698.jpg,9
2699.jpg,0
2700.jpg,0
2701.jpg,10
2702.jpg,4
2703.jpg,6
2704.jpg,2
2705.jpg,0
2706.jpg,1
2707.jpg,10
2708.jpg,0
2709.jpg,0
2710.jpg,0
2711.jpg,10
2712.jpg,100000000
2713.jpg,0
2714.jpg,5
2715.jpg,0
2716.jpg,100000000
2717.jpg,3
2718.jpg,9
2719.jpg,8
2720.jpg,100000000
2721.jpg,0
2722.jpg,4
2723.jpg,4
2724.jpg,0
2725.jpg,3
2726.jpg,10000
2727.jpg,10
2728.jpg,0
2729.jpg,4
2730.jpg,0
2731.jpg,3
2732.jpg,0
2733.jpg,0
2734.jpg,0
2735.jpg,1
2736.jpg,0
2737.jpg,8
2738.jpg,0
2739.jpg,100000000
2740.jpg,0
2741.jpg,6
2742.jpg,0
2743.jpg,8
2744.jpg,0
2745.jpg,0
2746.jpg,0
2747.jpg,3
2748.jpg,8
2749.jpg,9
2750.jpg,0
2751.jpg,3
2752.jpg,7
2753.jpg,0
2754.jpg,0
2755.jpg,4
2756.jpg,1
2757.jpg,1000
2758.jpg,2
2759.jpg,0
2760.jpg,7
2761.jpg,0
2762.jpg,0
2763.jpg,0
2764.jpg,0
2765.jpg,10000
2766.jpg,4
2767.jpg,0
2768.jpg,0
2769.jpg,0
2770.jpg,10
2771.jpg,0
2772.jpg,1
2773.jpg,0
2774.jpg,7
2775.jpg,10000
2776.jpg,10
2777.jpg,4
2778.jpg,1
2779.jpg,10000
2780.jpg,100
2781.jpg,9
2782.jpg,0
2783.jpg,0
2784.jpg,10000
2785.jpg,10
2786.jpg,2
2787.jpg,0
2788.jpg,0
2789.jpg,1
2790.jpg,0
2791.jpg,100000000
2792.jpg,0
2793.jpg,9
2794.jpg,100000000
2795.jpg,0
2796.jpg,6
2797.jpg,0
2798.jpg,0
2799.jpg,5
2800.jpg,100000000
2801.jpg,5
2802.jpg,0
2803.jpg,2
2804.jpg,10
2805.jpg,3
2806.jpg,5
2807.jpg,6
2808.jpg,0
2809.jpg,100
2810.jpg,8
2811.jpg,0
2812.jpg,6
2813.jpg,0
2814.jpg,10000
2815.jpg,0
2816.jpg,0
2817.jpg,3
2818.jpg,0
2819.jpg,2
2820.jpg,1
2821.jpg,0
2822.jpg,0
2823.jpg,1000
2824.jpg,0
2825.jpg,9
2826.jpg,0
2827.jpg,4
2828.jpg,8
2829.jpg,7
2830.jpg,0
2831.jpg,8
2832.jpg,0
2833.jpg,0
2834.jpg,100
2835.jpg,5
2836.jpg,6
2837.jpg,2
2838.jpg,4
2839.jpg,0
2840.jpg,0
2841.jpg,0
2842.jpg,9
2843.jpg,0
2844.jpg,10000
2845.jpg,6
2846.jpg,100000000
2847.jpg,4
2848.jpg,3
2849.jpg,0
2850.jpg,1
2851.jpg,8
2852.jpg,0
2853.jpg,7
2854.jpg,0
2855.jpg,9
2856.jpg,0
2857.jpg,0
2858.jpg,0
2859.jpg,8
2860.jpg,0
2861.jpg,0
2862.jpg,3
2863.jpg,0
2864.jpg,4
2865.jpg,7
2866.jpg,1000
2867.jpg,0
2868.jpg,4
2869.jpg,10
2870.jpg,1000
2871.jpg,9
2872.jpg,0
2873.jpg,0
2874.jpg,10
2875.jpg,0
2876.jpg,100
2877.jpg,1
2878.jpg,0
2879.jpg,0
2880.jpg,7
2881.jpg,0
2882.jpg,6
2883.jpg,5
2884.jpg,1000
2885.jpg,1
2886.jpg,7
2887.jpg,3
2888.jpg,9
2889.jpg,100000000
2890.jpg,100000000
2891.jpg,9
2892.jpg,4
2893.jpg,4
2894.jpg,9
2895.jpg,1000
2896.jpg,0
2897.jpg,2
2898.jpg,7
2899.jpg,100000000
2900.jpg,2
2901.jpg,0
2902.jpg,7
2903.jpg,0
2904.jpg,2
2905.jpg,100
2906.jpg,0
2907.jpg,0
2908.jpg,5
2909.jpg,0
2910.jpg,8
2911.jpg,0
2912.jpg,0
2913.jpg,0
2914.jpg,100
2915.jpg,10000
2916.jpg,0
2917.jpg,0
2918.jpg,6
2919.jpg,9
2920.jpg,0
2921.jpg,6
2922.jpg,9
2923.jpg,1
2924.jpg,0
2925.jpg,0
2926.jpg,100
2927.jpg,100000000
2928.jpg,0
2929.jpg,0
2930.jpg,0
2931.jpg,0
2932.jpg,0
2933.jpg,0
2934.jpg,9
2935.jpg,3
2936.jpg,0
2937.jpg,9
2938.jpg,10000
2939.jpg,100000000
2940.jpg,8
2941.jpg,7
2942.jpg,10000
2943.jpg,2
2944.jpg,10000
2945.jpg,0
2946.jpg,0
2947.jpg,100
2948.jpg,0
2949.jpg,6
2950.jpg,0
2951.jpg,2
2952.jpg,0
2953.jpg,0
2954.jpg,6
2955.jpg,10
2956.jpg,0
2957.jpg,1
2958.jpg,0
2959.jpg,0
2960.jpg,100
2961.jpg,0
2962.jpg,1000
2963.jpg,0
2964.jpg,6
2965.jpg,5
2966.jpg,0
2967.jpg,10000
2968.jpg,0
2969.jpg,0
2970.jpg,100000000
2971.jpg,0
2972.jpg,0
2973.jpg,3
2974.jpg,7
2975.jpg,0
2976.jpg,5
2977.jpg,7
2978.jpg,100000000
2979.jpg,10000
2980.jpg,100
2981.jpg,0
2982.jpg,2
2983.jpg,1
2984.jpg,0
2985.jpg,0
2986.jpg,0
2987.jpg,8
2988.jpg,0
2989.jpg,0
2990.jpg,0
2991.jpg,5
2992.jpg,100000000
2993.jpg,0
2994.jpg,7
2995.jpg,10000
2996.jpg,0
2997.jpg,3
2998.jpg,100000000
2999.jpg,0
